<?xml version="1.0" encoding="UTF-8"?>
<project-private xmlns="http://www.netbeans.org/ns/project-private/1">
    <editor-bookmarks xmlns="http://www.netbeans.org/ns/editor-bookmarks/2" lastBookmarkId="0"/>
    <open-files xmlns="http://www.netbeans.org/ns/projectui-open-files/2">
        <group>
            <file>file:/E:/Curso20-21/PROGRAMACION/Ejercicios/TemaOchoJFrames/practicaTresNueva/t8p3e1/src/Excepciones/DatoNoValido.java</file>
            <file>file:/E:/Curso20-21/PROGRAMACION/Ejercicios/TemaOchoJFrames/practicaTresNueva/t8p3e1/src/Vista/VentanaCompraVenta.java</file>
            <file>file:/E:/Curso20-21/PROGRAMACION/Ejercicios/TemaOchoJFrames/practicaTresNueva/t8p3e1/src/UML/Producto.java</file>
            <file>file:/E:/Curso20-21/PROGRAMACION/Ejercicios/TemaOchoJFrames/practicaTresNueva/t8p3e1/src/UML/Proveedor.java</file>
            <file>file:/E:/Curso20-21/PROGRAMACION/Ejercicios/TemaOchoJFrames/practicaTresNueva/t8p3e1/src/UML/Cliente.java</file>
            <file>file:/E:/Curso20-21/PROGRAMACION/Ejercicios/TemaOchoJFrames/practicaTresNueva/t8p3e1/src/t8p3e1/Main.java</file>
        </group>
    </open-files>
</project-private>
